GROUP,PACKAGE,CLASS,INSTRUCTION_MISSED,INSTRUCTION_COVERED,BRANCH_MISSED,BRANCH_COVERED,LINE_MISSED,LINE_COVERED,COMPLEXITY_MISSED,COMPLEXITY_COVERED,METHOD_MISSED,METHOD_COVERED
WeHuntMonsters,com.reimbursement.service,UserService,46,0,2,0,12,0,7,0,6,0
WeHuntMonsters,com.reimbursement.service,RecordService,202,0,20,0,57,0,21,0,6,0
WeHuntMonsters,com.reimbursement.service,ReimbursementService,93,0,2,0,23,0,7,0,6,0
WeHuntMonsters,com.reimbursement.servlet,WebpageServlet,29,0,2,0,8,0,4,0,3,0
WeHuntMonsters,com.reimbursement.servlet,ReturnDataSelector,96,0,19,0,21,0,16,0,3,0
WeHuntMonsters,com.reimbursement.servlet,DataServlet,17,0,0,0,5,0,3,0,3,0
WeHuntMonsters,com.reimbursement.util,DBConnector,38,0,2,0,13,0,4,0,3,0
WeHuntMonsters,com.reimbursement.dao,ReimbursementTypeDAO,392,0,38,0,99,0,28,0,9,0
WeHuntMonsters,com.reimbursement.dao,RecordDAO,173,0,26,0,46,0,18,0,2,0
WeHuntMonsters,com.reimbursement.dao,UserRoleDAO,392,0,38,0,99,0,28,0,9,0
WeHuntMonsters,com.reimbursement.dao,ReimbursementStatusDAO,392,0,38,0,99,0,28,0,9,0
WeHuntMonsters,com.reimbursement.dao,UserDAO,491,0,42,0,118,0,31,0,9,0
WeHuntMonsters,com.reimbursement.dao,ReimbursementDAO,614,0,46,0,142,0,32,0,9,0
WeHuntMonsters,com.reimbursement.model,RecordDTO,106,0,0,0,43,0,22,0,22,0
WeHuntMonsters,com.reimbursement.model,Reimbursement,194,0,0,0,56,0,24,0,24,0
WeHuntMonsters,com.reimbursement.model,UserRole,43,0,0,0,12,0,7,0,7,0
WeHuntMonsters,com.reimbursement.model,ReimbursementType,43,0,0,0,12,0,7,0,7,0
WeHuntMonsters,com.reimbursement.model,UserDTO,26,0,0,0,11,0,6,0,6,0
WeHuntMonsters,com.reimbursement.model,User,139,0,0,0,40,0,18,0,18,0
WeHuntMonsters,com.reimbursement.model,ReimbursementStatus,43,0,0,0,12,0,7,0,7,0
WeHuntMonsters,com.reimbursement.controller,ViewController,99,0,12,0,30,0,9,0,3,0
WeHuntMonsters,com.reimbursement.controller,OutboundDataController,114,0,2,0,33,0,6,0,5,0
WeHuntMonsters,com.reimbursement.controller,InboundDataController,164,0,6,0,42,0,8,0,5,0
